{
    "Reset": {
        "Sampling method": "Euler a",
        "Width": 512,
        "Height": 512,
        "Restore faces": false,
        "Tiling": false,
        "Seed": -1.0,
        "Extra": false,
        "Variation seed": -1.0,
        "Variation strength": 0,
        "Resize seed from width": 0,
        "Resize seed from height": 0,
        "Denoising strength": 0.7,
        "Batch count": 1,
        "Batch size": 1,
        "CFG Scale": 7,
        "Hires. fix": false,
        "Upscaler": 0,
        "Upscale by": 0,
        "Sampling steps": 20
    },
    "Normal with batch": {
        "Sampling method": "Euler a",
        "Width": 512,
        "Height": 512,
        "Restore faces": false,
        "Tiling": false,
        "Seed": -1.0,
        "Extra": false,
        "Variation seed": -1.0,
        "Variation strength": 0,
        "Resize seed from width": 0,
        "Resize seed from height": 0,
        "Denoising strength": 0.7,
        "Batch count": 1,
        "Batch size": 8,
        "CFG Scale": 7,
        "Hires. fix": false,
        "Upscaler": 0,
        "Upscale by": 0,
        "Sampling steps": 20
    },
    "Quick batch": {
        "Sampling method": "Euler a",
        "Width": 512,
        "Height": 512,
        "Restore faces": false,
        "Tiling": false,
        "Seed": -1.0,
        "Extra": false,
        "Variation seed": -1.0,
        "Variation strength": 0,
        "Resize seed from width": 0,
        "Resize seed from height": 0,
        "Denoising strength": 0.7,
        "Batch count": 1,
        "Batch size": 8,
        "CFG Scale": 7,
        "Hires. fix": false,
        "Upscaler": 0,
        "Upscale by": 0,
        "Sampling steps": 10
    },
    "Better": {
        "Sampling method": "Euler a",
        "Width": 512,
        "Height": 512,
        "Restore faces": false,
        "Tiling": false,
        "Seed": -1.0,
        "Extra": false,
        "Variation seed": -1.0,
        "Variation strength": 0,
        "Resize seed from width": 0,
        "Resize seed from height": 0,
        "Denoising strength": 0.7,
        "Batch count": 1,
        "Batch size": 8,
        "CFG Scale": 7,
        "Hires. fix": false,
        "Upscaler": 0,
        "Upscale by": 0,
        "Sampling steps": 40
    },
    "Great": {
        "Sampling method": "Euler a",
        "Width": 1024,
        "Height": 1024,
        "Restore faces": false,
        "Tiling": false,
        "Seed": -1.0,
        "Extra": false,
        "Variation seed": -1.0,
        "Variation strength": 0,
        "Resize seed from width": 0,
        "Resize seed from height": 0,
        "Denoising strength": 0.4,
        "Batch count": 1,
        "Batch size": 1,
        "CFG Scale": 7,
        "Hires. fix": true,
        "Upscaler": 512,
        "Upscale by": 512,
        "Sampling steps": 30
    },
    "Admirable": {
        "Sampling method": "Euler a",
        "Width": 1920,
        "Height": 1088,
        "Restore faces": false,
        "Tiling": false,
        "Seed": -1.0,
        "Extra": false,
        "Variation seed": -1.0,
        "Variation strength": 0,
        "Resize seed from width": 0,
        "Resize seed from height": 0,
        "Denoising strength": 0.3,
        "Batch count": 1,
        "Batch size": 1,
        "CFG Scale": 7,
        "Hires. fix": true,
        "Upscaler": 768,
        "Upscale by": 448,
        "Sampling steps": 30
    },
    "TEST-MAX-ALL": {
        "Sampling method": "Euler a",
        "Width": 2048,
        "Height": 2048,
        "Restore faces": true,
        "Tiling": true,
        "Seed": 1234567890.0,
        "Extra": true,
        "Variation seed": 1234567890.0,
        "Variation strength": 1,
        "Resize seed from width": 2048,
        "Resize seed from height": 2048,
        "Denoising strength": 0.3,
        "Batch count": 100,
        "Batch size": 8,
        "CFG Scale": 30,
        "Hires. fix": true,
        "Upscaler": 768,
        "Upscale by": 448,
        "Sampling steps": 150
    }
}