{
    "Reset": {
        "Sampling Steps": 20,
        "Sampling method": "Euler a",
        "Width": 512,
        "Height": 512,
        "Restore faces": false,
        "Tiling": false,
        "Highres. fix": false,
        "Seed": -1.0,
        "Extra": false,
        "Variation seed": -1.0,
        "Variation strength": 0,
        "Resize seed from width": 0,
        "Resize seed from height": 0,
        "Firstpass width": 0,
        "Firstpass height": 0,
        "Denoising strength": 0.7,
        "Batch count": 1,
        "Batch size": 1,
        "CFG Scale": 7
    },
    "Normal with batch": {
        "Sampling Steps": 20,
        "Sampling method": "Euler a",
        "Width": 512,
        "Height": 512,
        "Restore faces": false,
        "Tiling": false,
        "Highres. fix": false,
        "Seed": -1.0,
        "Extra": false,
        "Variation seed": -1.0,
        "Variation strength": 0,
        "Resize seed from width": 0,
        "Resize seed from height": 0,
        "Firstpass width": 0,
        "Firstpass height": 0,
        "Denoising strength": 0.7,
        "Batch count": 1,
        "Batch size": 8,
        "CFG Scale": 7
    },
    "Quick batch": {
        "Sampling Steps": 10,
        "Sampling method": "Euler a",
        "Width": 512,
        "Height": 512,
        "Restore faces": false,
        "Tiling": false,
        "Highres. fix": false,
        "Seed": -1.0,
        "Extra": false,
        "Variation seed": -1.0,
        "Variation strength": 0,
        "Resize seed from width": 0,
        "Resize seed from height": 0,
        "Firstpass width": 0,
        "Firstpass height": 0,
        "Denoising strength": 0.7,
        "Batch count": 1,
        "Batch size": 8,
        "CFG Scale": 7
    },
    "Better": {
        "Sampling Steps": 40,
        "Sampling method": "Euler a",
        "Width": 512,
        "Height": 512,
        "Restore faces": false,
        "Tiling": false,
        "Highres. fix": false,
        "Seed": -1.0,
        "Extra": false,
        "Variation seed": -1.0,
        "Variation strength": 0,
        "Resize seed from width": 0,
        "Resize seed from height": 0,
        "Firstpass width": 0,
        "Firstpass height": 0,
        "Denoising strength": 0.7,
        "Batch count": 1,
        "Batch size": 8,
        "CFG Scale": 7
    },
    "Great": {
        "Sampling Steps": 30,
        "Sampling method": "Euler a",
        "Width": 1024,
        "Height": 1024,
        "Restore faces": false,
        "Tiling": false,
        "Highres. fix": true,
        "Seed": -1.0,
        "Extra": false,
        "Variation seed": -1.0,
        "Variation strength": 0,
        "Resize seed from width": 0,
        "Resize seed from height": 0,
        "Firstpass width": 512,
        "Firstpass height": 512,
        "Denoising strength": 0.4,
        "Batch count": 1,
        "Batch size": 1,
        "CFG Scale": 7
    },
    "Admirable": {
        "Sampling Steps": 30,
        "Sampling method": "Euler a",
        "Width": 1920,
        "Height": 1088,
        "Restore faces": false,
        "Tiling": false,
        "Highres. fix": true,
        "Seed": -1.0,
        "Extra": false,
        "Variation seed": -1.0,
        "Variation strength": 0,
        "Resize seed from width": 0,
        "Resize seed from height": 0,
        "Firstpass width": 768,
        "Firstpass height": 448,
        "Denoising strength": 0.3,
        "Batch count": 1,
        "Batch size": 1,
        "CFG Scale": 7
    },
    "TEST-MAX-ALL": {
        "Sampling Steps": 150,
        "Sampling method": "Euler a",
        "Width": 2048,
        "Height": 2048,
        "Restore faces": true,
        "Tiling": true,
        "Highres. fix": true,
        "Seed": 1234567890.0,
        "Extra": true,
        "Variation seed": 1234567890.0,
        "Variation strength": 1,
        "Resize seed from width": 2048,
        "Resize seed from height": 2048,
        "Firstpass width": 768,
        "Firstpass height": 448,
        "Denoising strength": 0.3,
        "Batch count": 100,
        "Batch size": 8,
        "CFG Scale": 30
    }
}
